{
  "per_seed": [
    {
      "auc": 0.6737633412718932,
      "bce": 0.3249441683292389
    },
    {
      "auc": 0.6686696541037799,
      "bce": 0.3305381238460541
    },
    {
      "auc": 0.6724398302869711,
      "bce": 0.3336470127105713
    }
  ],
  "agg": {
    "auc": {
      "mean": 0.6716242752208813,
      "std": 0.002157971237222434
    },
    "bce": {
      "mean": 0.3297097682952881,
      "std": 0.003600879963776062
    }
  }
}