{
  "per_seed": [
    {
      "auc": 0.6123124356069748,
      "bce": 0.3354542553424835
    },
    {
      "auc": 0.6178450528466145,
      "bce": 0.33639025688171387
    },
    {
      "auc": 0.6234703895241213,
      "bce": 0.33597078919410706
    }
  ],
  "agg": {
    "auc": {
      "mean": 0.6178759593259034,
      "std": 0.004555268035446256
    },
    "bce": {
      "mean": 0.3359384338061015,
      "std": 0.00038280532363952133
    }
  }
}