{
  "per_seed": [
    {
      "auc": 0.6283089097119516,
      "bce": 0.36544129252433777
    },
    {
      "auc": 0.6251200307831647,
      "bce": 0.37247392535209656
    },
    {
      "auc": 0.6453576025776419,
      "bce": 0.34079745411872864
    }
  ],
  "agg": {
    "auc": {
      "mean": 0.6329288476909194,
      "std": 0.008884356972840367
    },
    "bce": {
      "mean": 0.3595708906650543,
      "std": 0.013581750523937265
    }
  }
}