{
  "mean_auc": 0.7201206677630713,
  "mean_pr_auc": 0.26147543631482933,
  "mean_f1": 0.1391845113730337
}