mean_auc,mean_pr_auc,mean_f1
0.7202890025418062,0.2820648179276915,0.1889570167730621
