mean_auc,mean_pr_auc,mean_f1
0.7201206677630713,0.26147543631482933,0.1391845113730337
