{
  "mean_auc": 0.6524098980449792,
  "mean_pr_auc": 0.2292445809751332,
  "mean_f1": 0.06473724637984289
}