mean_auc,mean_pr_auc,mean_f1
0.6524098980449792,0.2292445809751332,0.06473724637984289
