{
  "mean_auc": 0.7202890025418062,
  "mean_pr_auc": 0.2820648179276915,
  "mean_f1": 0.1889570167730621
}