{
  "per_seed": [
    {
      "auc": 0.8776709401709403,
      "bce": 0.42084625363349915
    },
    {
      "auc": 0.8027510683760684,
      "bce": 0.4716462194919586
    },
    {
      "auc": 0.780582264957265,
      "bce": 0.5277895331382751
    }
  ],
  "agg": {
    "auc": {
      "mean": 0.8203347578347578,
      "std": 0.04154068138521042
    },
    "bce": {
      "mean": 0.4734273354212443,
      "std": 0.04367757272158735
    }
  }
}