{
  "per_seed": [
    {
      "auc": 0.8198450854700855,
      "bce": 0.4070172905921936
    },
    {
      "auc": 0.732905982905983,
      "bce": 0.519583523273468
    },
    {
      "auc": 0.7362446581196581,
      "bce": 0.5096811056137085
    }
  ],
  "agg": {
    "auc": {
      "mean": 0.7629985754985755,
      "std": 0.040219654896591205
    },
    "bce": {
      "mean": 0.4787606398264567,
      "std": 0.05089103122285995
    }
  }
}