{
  "per_seed": [
    {
      "auc": 0.845486111111111,
      "bce": 0.4307399392127991
    },
    {
      "auc": 0.7498664529914529,
      "bce": 0.4666000008583069
    },
    {
      "auc": 0.8166399572649573,
      "bce": 0.41144755482673645
    }
  ],
  "agg": {
    "auc": {
      "mean": 0.8039975071225071,
      "std": 0.04004708407140549
    },
    "bce": {
      "mean": 0.4362624982992808,
      "std": 0.022852017707620246
    }
  }
}