{
  "per_seed": [
    {
      "rmse": 1.2761056014671694,
      "mae": 0.9651124477386475
    },
    {
      "rmse": 1.2943469305968958,
      "mae": 0.9677348136901855
    },
    {
      "rmse": 1.478983836448716,
      "mae": 1.1872026920318604
    }
  ],
  "agg": {
    "rmse": {
      "mean": 1.3498121228375937,
      "std": 0.09164127607153918
    },
    "mae": {
      "mean": 1.0400166511535645,
      "std": 0.10408175367747058
    }
  }
}