{
  "per_seed": [
    {
      "rmse": 1.508933959719146,
      "mae": 1.1132392883300781
    },
    {
      "rmse": 1.511829224327564,
      "mae": 1.1235783100128174
    },
    {
      "rmse": 1.3825753218704366,
      "mae": 1.0347437858581543
    }
  ],
  "agg": {
    "rmse": {
      "mean": 1.467779501972382,
      "std": 0.06026004684931121
    },
    "mae": {
      "mean": 1.0905204614003499,
      "std": 0.03966528283224985
    }
  }
}