{
  "per_seed": [
    {
      "rmse": 1.269211009789872,
      "mae": 0.9321649670600891
    },
    {
      "rmse": 1.5190609397793848,
      "mae": 1.1353883743286133
    },
    {
      "rmse": 1.2763383273982325,
      "mae": 0.9030023813247681
    }
  ],
  "agg": {
    "rmse": {
      "mean": 1.3548700923224963,
      "std": 0.1161369176318223
    },
    "mae": {
      "mean": 0.9901852409044901,
      "std": 0.10336207095716257
    }
  }
}