{
  "rmse": 1.0662118196487427,
  "mae": 0.8086292743682861
}