{
  "rmse": 1.511722207069397,
  "mae": 1.172675609588623
}