{
  "rmse": 1.601966381072998,
  "mae": 1.183485984802246
}