rmse,mae
1.0662118196487427,0.8086292743682861
