rmse,mae
1.601966381072998,1.183485984802246
