rmse,mae
1.511722207069397,1.172675609588623
